tm_id;ss_id;ss_season_id;nombre_jugador;edad;nacionalidad_str;posicion;club_origen;minutesPlayed;appearances;started;goals;totalShots;shotsOnTarget;shotsOffTarget;blockedShots;assists;keyPasses;bigChancesCreated;bigChancesMissed;successfulDribbles;penaltiesWon;penaltiesTaken;penaltyGoals;offsides;tackles;interceptions;clearances;dribbledPast;penaltiesCommitted;fouls;wasFouled;aerialDuelsWon;groundDuelsWon;totalPasses;accuratePasses;accurateFinalThirdPasses;accurateLongBalls;accurateCrosses;possessionLost;dispossessed;yellowCards;redCards
965846;1170640;57741;César Inga;22;Perú;Lateral izquierdo;AD Tarma;2309;32;24;0;38;7;14;17;5;24;3;0;25;0;0;0;0;34;13;36;14;1;7;15;20;74;833;637;178;53;11;313;13;0;0
68747;249137;63769;Diego Churín;34;Argentina;Delantero centro;Cerro Porteño;617;19;4;1;11;4;5;2;0;7;1;0;6;0;0;0;1;9;2;7;0;0;20;15;28;30;224;143;57;6;1;138;8;7;0
68747;249137;57296;Diego Churín;34;Argentina;Delantero centro;Cerro Porteño;332;5;4;0;5;1;2;2;0;1;0;0;2;0;0;0;4;2;0;1;0;0;10;17;15;19;73;36;13;1;1;58;6;1;0
68747;249137;57297;Diego Churín;34;Argentina;Delantero centro;Cerro Porteño;122;2;2;0;1;0;1;0;0;0;0;1;0;0;1;0;1;3;0;0;1;0;4;2;4;5;28;18;2;0;0;14;3;0;0
655639;976933;57741;Paolo Reyna;22;Perú;Lateral izquierdo;FBC Melgar;2194;27;25;1;14;5;4;5;2;21;3;1;9;0;0;0;0;59;36;39;11;0;29;17;28;85;747;569;196;40;14;301;7;0;1
203385;590312;57741;Gabriel Costa;34;Perú;Extremo derecho;Alianza Lima;844;24;8;2;14;5;7;2;1;22;3;0;5;0;0;0;0;16;1;2;8;0;11;17;3;38;387;315;117;20;9;142;11;3;0
729032;1017480;58156;José Carabalí;27;Ecuador;Lateral izquierdo;Nagoya Grampus;857;13;9;0;16;5;7;4;0;12;5;0;25;0;0;0;5;9;6;2;7;0;7;13;16;47;272;195;82;13;9;190;9;2;0
729032;1017480;57297;José Carabalí;27;Ecuador;Lateral izquierdo;Nagoya Grampus;708;8;8;1;9;4;3;2;0;16;2;1;17;0;0;0;4;7;8;3;3;0;6;11;8;35;211;173;64;0;6;107;9;2;0
194998;176139;57741;Edison Flores;30;Perú;Extremo izquierdo;Atlas;2149;32;29;9;72;23;29;20;6;38;2;4;11;1;0;0;10;23;7;6;11;0;29;29;19;63;499;369;169;16;8;241;20;5;0
323432;542636;57741;Jairo Vélez;29;Ecuador;Mediocentro ofensivo;César Vallejo;2729;31;30;10;84;31;30;23;5;62;6;3;47;2;2;1;2;38;6;8;13;0;43;61;21;145;998;742;313;55;40;633;65;6;0
626179;927690;57741;Matías Succar;25;Perú;Delantero centro;CA Mannucci;1726;27;20;4;49;20;23;6;2;14;2;6;3;1;1;1;6;15;1;18;7;0;37;38;26;56;314;227;96;7;4;202;27;2;0
2989;338;57741;Paolo Guerrero;40;Perú;Delantero centro;César Vallejo;933;14;11;7;30;16;9;5;2;15;2;4;4;2;1;1;5;2;2;9;0;0;15;18;25;24;218;157;72;4;0;103;16;3;0
250437;589448;57741;Jean Pierre Archimbaud;29;Perú;Pivote;FBC Melgar;1914;29;24;12;52;26;20;6;1;19;2;7;2;1;0;0;8;25;14;24;6;1;25;11;33;37;637;500;148;61;5;186;6;4;0
266451;338957;58766;Eryc Castillo;29;Ecuador;Extremo derecho;EC Vitória;266;9;1;1;3;1;1;1;0;1;0;0;5;0;0;0;2;2;0;3;2;0;3;2;5;9;45;36;15;0;1;38;3;0;0
266451;338957;59015;Eryc Castillo;29;Ecuador;Extremo derecho;EC Vitória;118;6;0;0;3;0;2;1;0;0;0;0;1;0;0;0;1;1;0;1;0;0;4;0;0;2;22;16;6;0;1;14;1;1;0
266451;338957;57252;Eryc Castillo;29;Ecuador;Extremo derecho;EC Vitória;156;3;2;0;3;0;0;0;0;0;0;0;4;0;0;0;2;0;0;1;1;0;1;5;2;0;28;22;0;0;3;0;0;0;0
177690;247665;58766;Miguel Trauco;31;Perú;Lateral izquierdo;Criciúma;1469;24;17;2;12;4;5;3;0;10;1;0;8;0;0;0;0;34;9;47;16;0;16;3;14;44;666;486;122;52;5;264;1;3;1
177690;247665;57072;Miguel Trauco;31;Perú;Lateral izquierdo;Criciúma;435;8;4;0;1;0;0;2;0;5;0;0;2;0;0;0;0;0;0;4;15;0;10;2;6;0;239;208;32;20;3;0;0;2;0
147263;106461;58043;Fernando Gaibor;32;Ecuador;Mediocentro;Barcelona SC;1166;22;13;0;5;2;3;0;3;24;2;0;6;0;0;0;0;19;8;6;9;0;22;13;6;38;626;519;165;42;3;188;14;2;0
159773;146599;57374;Pablo Ceppelini;32;Uruguay;Mediocentro ofensivo;Atl. Nacional;1121;14;13;2;17;6;4;7;4;43;6;2;3;0;0;0;1;11;8;4;12;0;10;17;7;31;609;482;210;32;32;222;8;4;0
159773;146599;63819;Pablo Ceppelini;32;Uruguay;Mediocentro ofensivo;Atl. Nacional;863;24;7;0;14;4;6;4;2;34;2;0;3;0;0;0;0;11;3;4;10;0;11;11;3;25;471;395;153;29;23;137;3;2;0
196037;340077;57741;Pablo Lavandeira;34;Uruguay;Mediocentro ofensivo;FBC Melgar;707;19;7;2;33;11;11;11;2;26;4;6;7;0;1;1;1;11;2;2;5;0;8;13;2;31;236;185;101;19;10;121;12;3;0
480523;876927;57741;Aldair Fuentes;26;Perú;Defensa central;CF Fuenlabrada;525;14;6;1;5;2;3;0;0;1;0;0;0;0;0;0;1;14;8;21;3;0;9;3;13;17;257;222;5;11;0;41;4;1;0
723853;1020375;57741;Erick Noriega;22;Perú;Defensa central;Comerciantes;2708;32;31;1;22;9;10;3;1;11;1;0;24;0;0;0;3;57;36;88;8;1;44;22;43;103;1240;986;167;136;4;344;21;7;1
953990;943712;57478;Guillermo Enrique;24;Argentina;Lateral derecho;Gimnasia;315;6;5;0;2;0;2;0;0;3;2;0;1;0;0;0;0;11;6;12;4;0;2;0;5;12;77;45;5;4;2;72;4;1;0
953990;943712;57487;Guillermo Enrique;24;Argentina;Lateral derecho;Gimnasia;247;5;2;0;2;1;0;1;0;4;0;0;5;0;0;0;0;7;3;9;1;0;2;5;7;16;80;47;21;6;4;64;3;1;0
439631;876929;57297;Kevin Quevedo;27;Perú;Extremo izquierdo;Uni. Católica;262;6;3;0;3;0;2;1;1;2;1;0;2;0;0;0;1;2;3;9;2;0;0;7;4;11;73;56;26;0;3;36;4;0;0
439631;876929;58043;Kevin Quevedo;27;Perú;Extremo izquierdo;Uni. Católica;738;14;8;2;19;12;4;3;1;13;2;2;7;0;1;0;1;3;1;2;4;1;8;7;1;17;240;200;72;8;5;79;6;2;0
836494;1084961;57487;Alan Cantero;26;Argentina;Extremo izquierdo;Godoy Cruz;830;14;11;4;19;9;6;4;2;14;4;2;29;0;0;0;0;9;0;9;7;0;8;24;5;62;192;138;60;3;0;138;16;0;0
836494;1084961;57478;Alan Cantero;26;Argentina;Extremo izquierdo;Godoy Cruz;852;16;10;1;17;3;9;5;1;7;1;1;21;0;0;0;0;9;0;7;2;0;5;25;16;55;164;121;40;5;0;154;34;2;0
315761;818401;57741;Pierre da Silva;25;Estados Unidos;Extremo izquierdo;César Vallejo;1588;26;20;1;29;8;5;16;1;22;3;0;29;0;0;0;1;21;9;12;7;0;29;38;16;88;493;368;109;19;18;268;23;6;0
547021;949793;57741;Alessandro Milesi;24;Perú;Lateral izquierdo;Alianza Atl.;1815;26;21;0;19;5;10;4;2;20;2;1;10;0;0;0;0;29;19;41;5;0;30;12;21;50;485;337;107;23;17;262;14;5;0
655641;976931;57741;Carlos Gamarra;24;Perú;Defensa central;Los Chankas;2573;30;28;1;10;3;6;1;1;7;1;0;6;0;0;0;0;53;19;120;20;1;21;11;47;70;852;641;60;107;1;237;5;6;0
738710;1016982;57741;Marlon Ruidías;25;Perú;Lateral derecho;Los Chankas;2405;32;30;4;24;11;6;7;3;16;4;0;15;0;0;0;1;42;17;31;24;2;40;19;8;76;944;760;237;74;8;311;18;5;1
351561;831183;57741;Carlo Diez;28;Perú;Pivote;Dep. Garcilaso;2869;34;33;1;17;8;7;2;0;13;0;0;11;0;0;0;2;42;27;27;16;2;36;42;19;95;845;666;159;53;5;249;16;5;0
195002;175977;57741;Álvaro Ampuero;31;Perú;Lateral izquierdo;Atlético Grau;1354;20;15;0;8;3;4;1;1;2;0;1;6;0;0;0;0;19;9;49;3;2;17;8;37;33;649;512;42;41;2;159;7;6;0
268031;325609;57297;Facundo Callejo;31;Argentina;Delantero centro;SD Aucas;393;5;5;1;13;4;6;3;0;8;1;0;0;0;0;0;2;2;2;2;2;0;3;2;7;4;71;50;19;4;3;52;5;0;0
268031;325609;58043;Facundo Callejo;31;Argentina;Delantero centro;SD Aucas;395;14;3;3;26;9;11;6;0;5;0;2;3;0;0;0;2;1;1;5;2;0;2;1;10;5;72;49;15;1;4;41;0;1;0
268031;325609;58156;Facundo Callejo;31;Argentina;Delantero centro;SD Aucas;838;12;9;4;32;13;13;6;2;16;3;2;2;0;0;0;7;7;2;5;2;0;9;6;19;15;191;133;54;11;8;105;3;2;0
528367;893067;57741;Marco Saravia;25;Perú;Defensa central;Universitario;31;1;0;0;0;0;0;0;0;0;0;0;1;0;0;0;0;1;0;2;1;0;0;0;0;2;19;17;5;4;0;2;0;0;0
871653;1107917;57741;Piero Guzmán;24;Perú;Defensa central;Universitario;691;13;7;1;5;1;3;1;0;1;0;0;2;0;0;0;1;8;5;44;1;1;4;3;14;13;368;312;9;30;0;63;1;1;0
747666;1464243;57694;Alex Custodio;20;Venezuela;Lateral derecho;Dep. La Guaira;2335;28;26;4;10;4;6;0;1;6;0;0;2;0;0;0;0;30;29;71;9;0;31;23;32;55;1053;873;123;65;3;215;5;5;0
292729;384658;57741;Alexis Cossio;29;Perú;Lateral izquierdo;CA Mannucci;1244;23;14;0;19;3;12;4;2;13;1;1;5;0;0;0;1;20;21;31;9;0;19;16;10;41;378;275;64;21;10;211;10;4;0
851121;1096363;58156;Agustín Graneros;28;Argentina;Delantero centro;Real Tomayapo;3202;37;37;15;115;55;44;16;5;72;5;6;32;4;3;2;31;32;12;21;9;0;49;59;20;123;706;517;233;20;29;460;37;5;0
653484;975241;57741;Erick Perleche;23;Perú;Lateral derecho;Dep. Garcilaso;1281;22;14;1;9;3;6;0;0;13;0;1;6;0;0;0;0;23;23;25;7;0;21;12;7;41;351;273;97;18;8;145;5;4;0
857805;1107889;57741;Jimmy Pérez;23;Perú;Mediocentro;UTC;2207;34;24;4;40;12;18;10;1;28;0;1;16;1;0;0;1;26;14;10;13;0;22;43;3;85;782;658;193;31;16;263;22;3;0
332776;760636;57741;Anthony Gordillo;30;Perú;Lateral izquierdo;Dep. Garcilaso;1742;26;20;1;25;5;15;5;3;28;2;0;7;0;0;0;2;33;27;35;4;0;18;20;16;59;470;327;91;38;18;262;7;4;0
360446;789416;57741;Federico Illanes;30;Argentina;Pivote;Rangers;2758;31;31;0;5;1;3;1;1;6;0;0;6;0;0;0;2;64;19;32;23;1;51;16;22;85;887;724;80;75;1;202;11;7;1
483715;883812;57741;Renato Espinosa;25;Perú;Delantero centro;Sport Huancayo;1039;24;10;8;32;15;14;3;0;11;0;3;2;0;0;0;13;8;7;5;3;0;12;20;15;30;199;133;51;8;3;116;11;2;0
440020;874986;57741;Frank Ysique;28;Perú;Pivote;César Vallejo;2414;30;28;0;9;2;3;4;1;25;0;0;4;0;0;0;0;37;33;23;27;0;20;32;13;73;1403;1242;264;79;1;211;17;5;1
908300;1018414;57478;Gregorio Rodríguez;24;Argentina;Extremo derecho;Instituto ACC;1215;26;13;4;29;10;10;9;1;20;5;1;19;0;0;0;3;15;3;3;8;0;7;8;11;42;215;165;68;1;18;191;15;2;0
118756;140103;57478;Pier Barrios;34;Argentina;Defensa central;Godoy Cruz;1887;21;21;0;6;3;3;0;0;3;0;0;0;0;0;0;2;25;23;99;10;1;25;18;34;43;825;627;55;58;1;217;1;3;1
118756;140103;57487;Pier Barrios;34;Argentina;Defensa central;Godoy Cruz;1069;12;12;0;6;0;5;1;0;2;0;0;1;0;0;0;0;19;19;49;4;0;11;9;29;29;540;453;34;38;4;106;5;3;0
332252;800243;57782;Facundo Castro;28;Argentina;Delantero centro;Nueva Chicago;3051;39;36;12;62;27;0;5;1;15;0;0;42;0;3;3;30;0;0;24;19;0;59;41;56;0;462;330;31;10;4;0;0;9;0
665113;975919;57741;Percy Liza;24;Perú;Delantero centro;CA Mannucci;1093;27;9;1;18;7;11;0;3;16;3;2;11;0;0;0;1;7;2;5;2;0;31;26;19;44;225;171;61;6;2;126;17;2;2
491570;922871;57741;Nelson Cabanillas;24;Perú;Lateral izquierdo;Universitario;1276;27;16;0;8;5;2;1;2;21;3;0;11;0;0;0;1;28;14;15;11;0;14;22;10;61;498;363;110;22;23;272;11;4;0
302416;365990;57741;Leonel González;30;Argentina;Defensa central;Godoy Cruz;2688;30;30;0;12;3;7;2;0;7;1;1;15;0;1;0;1;41;39;82;11;0;29;27;44;83;1234;985;117;171;2;331;8;4;2
399206;815133;58156;Matías Noble;27;Argentina;Interior izquierdo;Real Tomayapo;1544;18;17;4;38;16;15;7;5;42;4;1;20;0;0;0;2;24;6;17;17;0;15;25;13;69;584;453;149;34;34;306;15;4;0
399206;815133;57297;Matías Noble;27;Argentina;Interior izquierdo;Real Tomayapo;516;6;6;1;6;2;4;0;0;9;0;0;3;0;0;0;2;10;2;6;4;1;8;5;3;18;143;101;29;11;4;92;8;1;0
662705;989259;57741;Mathías Llontop;22;Perú;Lateral izquierdo;CA Mannucci;2330;30;26;0;8;1;3;4;1;16;1;0;4;0;0;0;1;35;34;70;20;1;19;18;19;57;629;442;110;29;7;331;4;7;0
626916;960016;47647;Lautaro Guzmán;24;Argentina;Extremo izquierdo;Arsenal;1880;27;22;2;38;12;18;8;3;26;6;3;41;0;2;1;6;24;12;6;31;0;14;54;7;118;542;396;167;25;34;377;42;2;0
400051;883287;57741;Johan Madrid;27;Perú;Lateral derecho;César Vallejo;2822;33;32;1;21;3;11;7;2;29;1;0;15;1;0;0;2;43;43;69;15;0;18;34;33;91;1196;902;174;123;20;506;21;6;1
313437;351398;58156;Javier Sanguinetti;33;Argentina;Mediocentro ofensivo;GV San José;2247;29;27;12;82;33;35;14;10;75;9;2;18;0;2;2;2;29;10;30;16;0;18;25;12;71;1025;816;364;66;32;422;23;7;0
97013;143886;57741;Marlon de Jesús;32;Ecuador;Delantero centro;Unión Comercio;1651;21;20;8;64;19;23;22;2;22;2;0;13;1;4;4;9;6;0;14;5;0;21;31;38;49;296;200;73;9;3;205;24;1;0
242546;1100345;63819;Yonatan Murillo;31;Colombia;Defensa central;Once Caldas;225;3;3;0;0;0;0;0;0;0;0;0;0;0;0;0;0;7;3;5;0;0;1;0;5;7;81;68;3;7;0;15;0;0;0
242546;1100345;57374;Yonatan Murillo;31;Colombia;Defensa central;Once Caldas;979;15;8;0;1;0;1;0;1;3;1;0;1;0;0;0;1;17;14;57;10;0;12;3;21;21;322;242;15;20;0;90;1;5;0
874831;1411422;57741;Piero Magallanes;23;Perú;Extremo derecho;Comerciantes;2573;34;29;4;39;9;14;16;3;35;6;0;37;3;3;3;0;18;6;7;5;0;49;65;6;120;745;564;198;51;13;423;55;6;0
490614;876924;57741;Diego Carabaño;26;Perú;Mediocentro;Los Chankas;1683;26;22;0;39;6;25;8;8;37;6;0;10;0;0;0;1;19;16;11;13;0;35;15;8;43;991;814;279;185;15;286;20;5;1
249967;925232;57741;Juan Barreda;31;Perú;Defensa central;Juan Aurich;427;6;4;0;1;0;1;0;0;0;0;0;0;0;0;0;0;7;4;15;3;0;4;2;6;9;124;79;9;6;0;47;1;1;0
814636;989258;57741;Marcelo Gaona;25;Perú;Defensa central;CA Mannucci;418;13;4;0;5;3;2;0;0;2;0;0;2;0;0;0;0;5;2;9;4;0;2;1;9;8;141;85;22;6;0;71;0;1;1
331818;805332;57741;Miguel Carranza;28;Perú;Extremo derecho;Unión Comercio;1599;23;19;0;14;7;3;4;1;35;3;0;24;1;0;0;2;14;5;5;6;0;13;47;6;85;427;302;125;9;19;270;21;2;0
839993;1092343;58043;Enzo Fernández;32;Argentina;Extremo derecho;Mushuc Runa SC;725;13;11;5;26;15;9;2;0;15;0;2;4;0;0;0;2;5;3;7;7;0;14;8;9;16;148;98;52;11;5;114;7;1;1
839993;1092343;57782;Enzo Fernández;32;Argentina;Extremo derecho;Mushuc Runa SC;269;10;2;1;2;1;0;1;0;4;0;0;10;0;1;1;1;0;0;0;5;0;7;4;2;0;87;60;8;8;7;0;0;3;0
325147;557108;57782;Nahuel Luján;28;Argentina;Extremo izquierdo;San Miguel;2942;37;35;2;68;19;0;0;2;50;0;0;277;0;0;0;5;0;0;5;40;0;38;172;20;0;817;596;103;58;42;0;0;7;0
94761;883299;57741;Janio Pósito;34;Perú;Delantero centro;AD Tarma;1596;31;18;10;42;23;12;7;0;13;0;5;3;0;4;4;15;10;3;7;2;1;16;14;19;27;268;191;83;7;1;148;20;3;1
146292;932870;57741;Alan Pérez;33;Argentina;Defensa central;Cusco FC;2970;33;33;0;9;1;6;2;0;9;1;0;3;0;0;0;0;29;24;82;6;1;24;9;45;41;1669;1361;160;130;2;340;2;8;0
832217;1086281;57741;Yimy Gamero;22;Perú;Pivote;FBC Melgar;2059;26;23;1;27;8;9;10;4;40;3;0;9;0;0;0;1;39;21;19;24;0;16;33;13;81;851;657;221;53;8;322;14;2;0
1011264;1415942;57741;Catriel Cabellos;19;Perú;Mediocentro;Racing;2079;31;23;6;40;13;18;9;4;21;4;3;20;1;0;0;3;19;11;4;16;0;21;30;10;69;716;561;190;49;13;268;27;4;0
1011264;1415942;57296;Catriel Cabellos;19;Perú;Mediocentro;Racing;473;6;6;0;4;2;1;1;0;6;3;0;7;0;0;0;1;4;2;3;2;0;7;4;3;15;121;77;20;6;3;67;5;1;0
996587;1650465;57782;Misael Sosa;22;Argentina;Mediocentro ofensivo;Dep. Maipú;2722;35;30;13;45;24;0;0;2;33;0;0;156;0;1;1;22;0;0;6;18;0;27;38;5;0;461;261;15;17;52;0;0;4;0
520457;892073;57741;Gustavo Cazonatti;27;Brasil;Pivote;Tombense;2591;32;32;3;29;10;9;10;4;19;4;3;8;0;0;0;0;71;35;38;15;0;40;42;52;119;1033;840;198;54;1;245;15;8;0
250055;345779;57741;Christofer Gonzales;31;Perú;Mediocentro ofensivo;Universitario;1269;24;14;2;33;15;15;3;2;18;1;1;9;2;0;0;2;25;8;8;8;0;14;52;13;85;575;492;178;36;7;177;15;2;0
325454;924860;58264;Franco Romero;29;Uruguay;Defensa central;Nacional;815;11;7;0;2;0;0;4;0;3;0;0;5;0;0;0;0;0;0;21;17;0;3;0;16;0;525;459;43;52;3;0;0;1;0
325454;924860;57296;Franco Romero;29;Uruguay;Defensa central;Nacional;451;6;5;1;4;1;3;0;0;0;0;1;1;0;0;0;0;5;5;19;1;0;3;0;10;6;277;212;22;34;0;71;2;1;0
325667;901019;58563;Luis Iberico;26;Perú;Extremo izquierdo;Riga;807;17;7;4;23;10;13;0;1;12;0;0;9;0;0;0;3;0;21;6;16;0;16;15;13;0;301;262;17;6;4;0;0;1;0
325726;846366;57741;Adrián Ugarriza;27;Perú;Delantero centro;Sport. Cristal;1738;25;20;10;51;20;25;6;1;28;3;3;26;2;3;3;7;14;3;7;3;0;17;33;17;72;425;287;140;20;0;274;29;2;0
830848;1087004;58043;Ignacio Gariglio;26;Argentina;Defensa central;Delfín SC;1215;14;14;1;8;3;4;1;0;1;0;1;4;2;0;0;2;16;10;72;6;0;11;10;28;30;389;275;28;40;0;123;0;4;1
830848;1087004;57297;Ignacio Gariglio;26;Argentina;Defensa central;Delfín SC;495;6;6;1;6;2;4;0;0;0;0;0;2;0;0;0;0;9;4;25;2;0;5;1;6;12;140;97;9;6;0;52;0;0;0
610563;943177;58043;Cristian García;27;Argentina;Pivote;CAI;780;10;10;0;1;0;0;1;0;1;0;0;3;0;0;0;0;14;6;11;6;0;24;14;25;31;291;212;53;25;0;91;3;7;0
610563;943177;57297;Cristian García;27;Argentina;Pivote;CAI;331;4;4;0;0;0;0;0;0;4;0;0;1;0;0;0;1;11;7;3;5;0;7;3;8;15;136;83;20;6;2;62;1;2;0
330690;805068;57741;Enmanuel Páucar;27;Perú;Pivote;Ayacucho FC;1439;23;18;0;3;0;2;1;0;15;1;0;1;0;0;0;1;15;4;12;2;0;14;11;6;27;497;434;47;30;1;93;14;3;0
249975;339843;57741;Aldair Rodríguez;29;Perú;Delantero centro;Cienciano;2008;32;22;2;26;6;14;6;4;29;7;1;26;0;0;0;8;15;6;13;8;0;26;52;28;90;606;473;183;19;13;307;32;11;0
741727;1018255;57741;Orlando Núñez;24;Perú;Lateral izquierdo;César Vallejo;809;11;10;0;1;0;0;1;1;7;1;0;7;0;0;0;2;16;4;10;6;0;5;25;1;48;270;210;47;18;5;122;3;1;0
483714;883296;57741;Kevin Sandoval;27;Perú;Extremo izquierdo;FBC Melgar;305;12;3;1;17;5;5;7;1;9;2;1;2;1;0;0;1;1;0;0;1;0;5;7;3;10;90;75;34;1;3;50;4;0;0
909314;1129485;57478;Ezequiel Naya;22;Argentina;Delantero centro;Estudiantes LP;719;15;7;1;13;5;7;1;0;8;0;3;3;0;0;0;11;8;0;6;3;0;23;16;37;26;170;101;27;2;1;98;2;1;0
540304;897102;57782;Nicolás Gómez;28;Argentina;Mediocentro;Ferro;2293;31;28;1;13;5;0;7;2;8;0;0;33;0;0;0;1;0;0;35;74;0;42;46;37;0;795;601;109;78;0;0;0;9;0
662699;973664;57741;Yuriel Celi;22;Perú;Mediocentro ofensivo;Universitario;173;10;1;1;7;2;3;2;0;0;0;0;3;0;1;1;0;5;0;0;2;0;4;5;1;13;76;49;25;4;0;44;2;1;0
817656;1068656;57741;Alonso Yovera;23;Perú;Lateral izquierdo;Sin equipo;392;8;4;0;0;0;0;0;0;0;0;0;1;0;0;0;0;7;5;13;3;1;7;2;5;10;112;79;11;9;0;46;0;1;0
265590;146410;58194;Danilo Ortiz;31;Paraguay;Defensa central;Wanderers;1532;21;17;0;11;2;0;14;0;2;0;0;1;0;0;0;7;0;0;60;46;0;18;2;72;0;809;671;59;84;5;0;0;4;0
662706;1049077;57741;Sebastián Cavero;22;Perú;Lateral izquierdo;FBC Melgar;435;10;4;0;4;0;0;4;1;6;1;0;2;0;0;0;3;13;5;7;5;0;9;2;4;17;157;121;50;2;2;67;2;2;0
127459;169935;57741;Osnar Noronha;32;Perú;Delantero centro;César Vallejo;1133;30;9;2;18;9;6;3;1;11;1;1;10;0;1;1;6;10;0;5;1;1;16;17;18;36;249;180;79;8;2;135;14;4;0
531624;924725;57741;Santiago Arias;29;Uruguay;Pivote;Alianza Atl.;2102;31;23;0;29;8;8;13;0;31;3;0;11;0;0;0;1;37;18;23;19;0;43;50;12;98;871;681;158;57;14;269;15;9;1
422855;883329;57741;Luis Benites;27;Perú;Extremo izquierdo;Sport Huancayo;596;24;3;2;25;10;12;3;0;16;1;3;4;0;1;0;1;8;4;1;6;0;6;15;0;27;313;259;80;17;6;98;15;1;1
124244;122618;57741;Leonel Galeano;32;Argentina;Defensa central;FBC Melgar;2658;31;31;2;20;6;12;2;0;5;1;1;1;0;0;0;1;42;39;83;6;2;29;11;49;54;1236;974;139;223;1;281;0;7;1
246548;333585;57741;Maximiliano Amondarain;31;Uruguay;Defensa central;Sport Boys;2087;26;23;0;16;6;8;2;2;5;2;0;2;0;0;0;0;17;41;103;10;0;24;13;72;31;895;647;56;89;1;271;5;6;1
279057;974136;57741;Beto da Silva;27;Perú;Extremo izquierdo;FBC Melgar;1711;24;21;3;36;11;19;6;0;12;1;1;11;1;0;0;2;9;8;10;6;0;25;32;29;52;404;297;131;8;4;216;20;5;1
180911;588630;58043;João Ortiz;33;Perú;Lateral izquierdo;Dep. Municipal;2444;29;27;1;30;6;12;12;3;29;0;0;18;0;0;0;0;30;27;17;11;0;20;32;22;80;1536;1391;326;105;2;225;21;0;0
482452;922007;57741;Jimmy Valoyes;37;Colombia;Defensa central;UTC;2723;33;30;1;29;4;19;6;1;14;1;1;7;0;0;0;0;41;28;128;12;2;27;27;81;74;1034;743;117;127;2;362;9;4;0
537255;895364;57741;Gaspar Gentile;29;Argentina;Extremo izquierdo;Dep. Garcilaso;2630;34;30;5;78;31;32;15;4;53;8;5;25;1;0;0;21;34;13;6;19;1;27;34;4;93;602;429;198;33;27;385;36;3;0
810550;1065267;57741;Adrián Ascues;21;Perú;Mediocentro;Sport. Cristal;140;9;0;0;3;0;2;1;0;1;0;0;3;0;0;0;0;4;2;2;2;0;7;5;1;12;65;48;14;6;3;27;0;1;0
480526;960215;57741;Rudy Palomino;25;Perú;Pivote;Los Chankas;1346;24;13;2;18;6;6;6;1;10;1;0;4;0;0;0;0;29;15;14;18;1;25;12;7;44;578;483;101;59;1;117;5;5;0
438000;924762;59015;Agustín González;27;Uruguay;Mediocentro;Liverpool FC;1038;14;13;0;24;6;10;8;1;20;1;1;5;0;0;0;0;15;12;5;7;0;13;33;1;53;385;288;100;16;9;182;9;1;0
438000;924762;58264;Agustín González;27;Uruguay;Mediocentro;Liverpool FC;1033;17;12;0;28;10;0;0;0;15;0;0;33;0;0;0;0;0;0;5;28;0;18;41;5;0;434;328;69;38;5;0;0;3;0
104104;125122;57741;Alejandro Ramírez;32;Perú;Extremo izquierdo;César Vallejo;965;23;10;3;24;10;9;5;1;11;3;1;5;1;0;0;2;8;3;10;6;0;4;10;6;23;322;276;101;19;2;120;16;0;0
95280;47447;57741;Christian Cueva;32;Perú;Mediocentro ofensivo;Sin equipo;322;8;4;1;4;1;3;0;0;13;0;0;2;0;0;0;1;1;1;0;0;0;4;13;1;16;150;126;46;10;3;43;1;1;0
437964;839368;57782;Tomás Sandoval;25;Argentina;Delantero centro;Colón;136;2;2;0;3;2;0;0;0;0;0;0;1;0;0;0;4;0;0;1;0;0;2;2;2;0;17;10;0;1;1;0;0;0;0
437964;839368;48079;Tomás Sandoval;25;Argentina;Delantero centro;Colón;985;24;8;4;15;8;0;4;0;3;0;0;7;0;0;0;6;0;0;8;4;0;32;10;21;0;142;83;9;2;2;0;0;1;1
527625;892669;57741;Christopher Olivares;25;Perú;Delantero centro;Universitario;274;10;1;2;11;4;5;2;0;3;0;1;4;0;0;0;2;3;0;4;2;0;6;4;2;11;49;36;16;0;0;36;7;1;0
174042;250339;57883;Juan Garro;31;Argentina;Extremo derecho;Palestino;303;8;2;0;6;2;3;1;0;6;0;1;4;0;0;0;1;2;0;2;1;0;7;9;8;15;78;50;22;3;1;48;2;0;0
174042;250339;53223;Juan Garro;31;Argentina;Extremo derecho;Palestino;385;13;2;1;9;3;5;1;1;3;0;2;2;0;0;0;2;4;1;2;4;0;6;11;7;17;84;60;25;1;0;49;7;0;1
433698;887125;57741;José Bolívar;24;Perú;Lateral izquierdo;Universitario;1114;15;14;0;5;1;3;1;0;7;0;0;7;0;0;0;1;28;11;32;2;0;13;10;10;45;481;357;95;25;6;209;10;3;0
129724;107625;57317;Raúl Ruidíaz;33;Perú;Delantero centro;Sin equipo;1511;28;15;8;85;32;29;24;0;15;1;7;17;0;4;4;6;8;1;7;5;0;16;19;17;42;414;356;153;16;1;171;18;3;0
294886;1121487;57694;Carlos Pimienta;32;Uruguay;Defensa central;I. de Barinas;720;8;8;0;4;0;2;2;0;0;0;0;1;0;0;0;1;12;5;28;6;0;15;5;11;18;260;209;24;29;0;55;0;2;0
725453;991108;57782;Héctor González;31;Argentina;Defensa central;San Telmo;3396;39;39;1;9;1;0;12;0;5;0;0;16;0;0;0;1;0;0;146;79;0;31;30;165;0;1821;1505;131;172;1;0;0;7;1
965449;1170641;48078;Jorge Palomino;28;Perú;Pivote;AD Tarma;1364;21;17;1;4;1;3;0;2;17;1;0;6;0;0;0;1;35;27;13;16;0;45;11;13;52;426;339;76;28;0;117;11;5;0
965449;1170641;57741;Jorge Palomino;28;Perú;Pivote;AD Tarma;155;14;0;0;2;1;1;0;0;2;0;1;1;0;0;0;0;6;1;2;0;0;5;4;1;11;49;41;9;1;1;9;0;2;0
740319;1016974;48078;Ayrthon Quintana;23;Perú;Lateral izquierdo;Sport Boys;1954;30;22;0;23;7;16;0;1;22;1;0;20;0;0;0;3;57;22;21;22;0;28;29;8;106;740;566;121;44;14;316;20;6;1
739725;1001106;57741;Mathías Carpio;21;Perú;Extremo izquierdo;FC San Marcos;76;3;0;0;1;0;0;1;0;1;0;0;1;0;0;0;0;0;0;0;0;0;1;4;0;5;27;19;13;4;0;20;2;0;0
739725;1001106;48078;Mathías Carpio;21;Perú;Extremo izquierdo;FC San Marcos;582;13;8;0;4;0;1;3;0;4;1;0;10;0;0;0;0;1;4;1;4;0;3;14;4;25;201;158;72;6;0;97;16;2;0
486641;879628;57741;Jordan Guivin;26;Perú;Mediocentro;Cienciano;943;21;9;0;12;3;5;4;0;8;1;1;1;0;0;0;0;11;9;7;3;0;9;10;0;22;414;353;90;19;2;98;5;1;0
447932;883720;57741;Christian Velarde;26;Perú;Pivote;CA Mannucci;327;10;4;0;3;0;3;0;0;2;0;0;3;0;0;0;0;11;11;8;5;0;10;10;8;24;128;91;23;5;1;56;5;2;0
87508;991202;57741;Pablo Bueno;34;Argentina;Delantero centro;Sport Boys;2352;29;26;11;68;26;30;12;1;15;1;2;10;0;2;2;7;15;4;33;7;0;35;47;77;70;496;285;94;12;1;315;23;4;0
491569;936165;57741;Leonardo Mifflin;24;Perú;Pivote;Cienciano;450;10;4;0;3;0;2;1;0;1;0;0;0;0;0;0;0;6;4;10;6;1;10;1;3;7;157;129;14;12;0;33;0;1;1
654296;973547;57741;Franco Saravia;25;Perú;Portero;Alianza Lima;744;9;9;0;0;0;0;0;0;1;0;0;0;0;0;0;0;0;0;1;0;0;2;0;0;0;149;113;3;34;0;36;0;1;2
873510;1098306;57782;Franco Torres;27;Argentina;Mediocentro ofensivo;Acassuso;2593;38;29;4;66;26;0;4;3;42;0;0;82;0;3;1;10;0;0;13;29;0;53;85;12;0;689;472;66;25;18;0;0;5;0
906422;1173448;57374;Isaac Camargo;24;Colombia;Delantero centro;Unión Magdalena;328;6;5;1;5;1;1;3;1;4;0;0;3;1;1;1;1;4;0;2;5;0;5;1;3;8;87;69;16;0;0;39;8;0;0
906422;1173448;63819;Isaac Camargo;24;Colombia;Delantero centro;Unión Magdalena;166;8;1;0;4;0;3;1;0;2;0;0;2;0;0;0;0;1;0;1;0;0;1;1;2;4;31;24;7;2;0;20;1;0;0
657221;975853;57741;Rotceh Aguilar;23;Perú;Defensa central;Sin equipo;299;6;3;0;2;1;1;0;0;0;0;0;1;0;0;0;0;1;1;10;1;0;2;9;1;11;74;60;8;10;0;17;0;0;0
224677;588144;57741;Jhonny Vidales;32;Perú;Delantero centro;CA Mannucci;1916;32;24;2;20;11;5;4;2;35;5;0;20;0;0;0;5;18;9;15;15;0;24;15;18;53;631;453;180;17;10;337;33;3;0
665116;978545;57741;Axel Moyano;23;Perú;Pivote;Alianza Lima;156;10;0;0;1;0;1;0;0;3;0;0;0;0;0;0;0;9;0;2;0;0;9;1;0;10;68;62;15;4;2;10;2;2;1
189283;220921;57741;Carlos Ascues;32;Perú;Defensa central;César Vallejo;2466;28;28;1;12;4;6;2;1;11;1;0;8;0;0;0;2;27;29;99;6;1;29;10;29;45;1312;1061;132;149;0;294;10;2;1
662709;988298;57741;Óscar Pinto;22;Perú;Extremo izquierdo;Alianza Lima;1883;32;24;2;37;10;17;10;2;18;1;1;48;0;1;1;1;20;8;6;9;1;34;38;13;106;376;299;94;13;13;295;40;2;0
335217;883397;57741;Gerson Barreto;28;Perú;Mediocentro;Ayacucho FC;1674;29;19;0;19;4;10;5;1;11;3;0;8;0;0;0;1;34;16;18;14;0;31;18;12;59;778;639;127;49;5;215;16;2;1
95852;123238;57741;Luis Álvarez;34;Perú;Pivote;Atlético Grau;972;17;11;0;7;2;2;3;1;7;0;1;1;0;0;0;0;9;16;12;6;0;16;7;13;17;443;363;75;26;3;107;5;0;0
375178;805270;57741;Paolo Fuentes;28;Perú;Defensa central;Cienciano;1864;23;23;2;10;5;3;2;0;3;0;0;3;0;0;0;0;19;21;91;4;0;21;14;36;36;850;706;36;87;0;155;1;6;1
239623;585102;57741;Adrián Fernández;31;Paraguay;Delantero centro;Alianza Atl.;2321;30;28;6;74;28;36;10;2;30;2;10;13;3;6;2;12;6;3;39;6;0;35;43;95;62;512;316;115;20;1;315;20;10;0
458603;924736;57741;Mauro Da Luz;29;Uruguay;Extremo derecho;AD 9 de Octubre;2006;28;27;10;54;26;23;5;1;23;2;6;17;1;1;0;15;20;10;11;8;0;24;25;32;62;400;275;136;18;17;267;28;1;0
752977;878754;57741;Ademar Robles;29;Perú;Mediocentro;Los Chankas;913;29;6;1;11;3;5;3;3;24;5;0;7;0;0;0;1;17;8;7;12;0;8;9;5;33;555;459;143;66;17;149;9;1;0
477378;883396;57741;Carlos Cabello;26;Perú;Lateral derecho;César Vallejo;960;17;10;0;13;2;6;5;1;7;0;1;6;0;0;0;0;31;16;24;9;1;9;15;6;52;378;265;68;32;8;180;8;2;0
671879;1049088;57741;Erick Gonzales;28;Perú;Pivote;Dep. Garcilaso;1194;25;11;0;8;2;5;1;1;3;1;0;4;0;0;0;1;15;9;17;4;0;30;11;11;30;337;234;46;28;1;126;6;5;0
981411;1199271;57741;Juan Carlos Gonzáles;20;Perú;Extremo derecho;AD Tarma;1116;30;7;4;28;14;6;8;3;18;4;0;14;0;0;0;0;11;3;5;4;0;13;26;7;51;373;307;134;12;12;172;18;0;0
621026;929014;57741;Oslimg Mora;25;Perú;Lateral derecho;Atlético Grau;382;5;5;0;10;0;9;1;1;8;1;0;3;0;0;0;0;1;2;0;1;0;3;7;0;11;107;90;46;7;2;44;5;0;0
347750;777249;57782;Hernán Da Campo;29;Argentina;Mediocentro;Temperley;2609;34;30;0;28;8;0;11;0;5;0;0;36;0;0;0;1;0;0;47;77;0;53;52;69;0;1054;792;119;72;8;0;0;9;0
936044;1526674;57741;Matías Almirón;28;Uruguay;Defensa central;Comerciantes;2284;27;26;1;16;2;12;2;0;5;0;1;3;0;0;0;2;26;37;134;9;0;22;20;51;48;884;645;59;119;0;262;6;8;0
334082;584002;57782;Rodrigo Colombo;31;Argentina;Defensa central;Atl. Rafaela;1671;21;18;1;14;9;0;5;0;1;0;0;4;0;0;0;2;0;0;59;33;0;16;6;58;0;462;336;54;68;1;0;0;6;1
212434;830663;48078;Alejandro Hohberg;32;Perú;Extremo izquierdo;Sport. Cristal;1723;31;21;11;51;26;19;6;5;38;8;5;17;0;2;2;21;13;7;4;16;0;22;30;6;60;482;388;178;47;23;276;23;3;0
285679;846474;57741;Luis Urruti;31;Uruguay;Extremo izquierdo;CA Mannucci;1830;25;22;7;72;22;34;16;4;40;5;2;9;0;0;0;3;13;4;0;5;0;27;47;6;69;446;310;130;20;23;250;14;3;0
579734;924574;57741;Carlos López;29;Colombia;Extremo derecho;Los Chankas;2838;34;32;11;39;19;15;5;11;98;15;1;37;0;4;4;4;18;2;17;18;0;15;38;7;93;996;746;354;38;83;580;30;4;0
284728;340529;53021;Luciano Nequecaur;31;Argentina;Delantero centro;Venados FC ;880;15;11;7;0;0;0;0;0;0;0;0;0;0;0;1;0;0;0;0;0;0;0;0;0;0;0;0;0;0;0;0;0;1;1
187161;560054;57741;Hansell Riojas;32;Perú;Defensa central;Unión Comercio;900;10;10;0;4;1;2;1;0;2;0;0;1;0;0;0;1;14;15;31;3;1;8;8;21;22;460;338;48;62;1;136;1;3;0
909475;1159659;57741;Sebastián Aranda;20;Perú;Lateral izquierdo;Alianza Lima;739;11;8;0;2;1;1;0;0;1;1;0;4;0;0;0;2;8;7;17;5;0;10;17;13;29;250;191;26;13;1;107;5;2;0
457062;932888;58043;Alejandro Altuna;32;Argentina;Pivote;Cumbayá FC;1115;18;12;0;13;1;7;5;0;6;0;0;6;0;0;0;0;18;9;23;9;0;13;15;13;39;587;490;70;37;0;124;6;4;0
84506;47439;57741;Christian Ramos;35;Perú;Defensa central;Alianza Lima;1138;15;13;0;3;0;1;2;0;2;0;0;3;0;0;0;0;14;10;72;3;0;7;7;18;23;401;311;32;51;0;95;0;2;1
375353;1131302;57741;Cristian Mejía;31;Perú;Mediocentro;Los Chankas;2268;27;25;1;17;6;6;5;1;13;1;0;3;0;0;0;1;27;13;29;10;1;24;10;10;40;859;716;145;59;0;196;10;4;0
441758;879621;57741;José Luján;27;Perú;Defensa central;Los Chankas;596;11;6;0;5;1;4;0;0;0;0;0;0;0;0;0;0;7;6;26;4;1;6;5;8;12;215;161;14;26;0;67;2;2;0
460343;869989;57374;Geimer Balanta;31;Colombia;Extremo derecho;Boyacá Chicó;921;13;12;2;16;3;7;6;1;9;0;0;26;1;1;1;2;3;1;9;1;0;6;30;8;59;351;298;126;14;6;134;17;2;0
894880;1415941;57741;André Vasquez;21;Perú;Mediocentro ofensivo;FBC Melgar;1099;21;15;0;24;4;11;9;2;16;1;0;4;0;0;0;2;20;10;6;6;0;18;20;8;43;463;368;124;16;9;161;16;4;0
784508;1110305;57741;Leonardo de la Cruz;23;Perú;Delantero centro;Alianza Atl.;218;10;2;0;3;2;0;1;0;1;0;0;1;0;0;0;1;1;0;1;3;0;6;7;4;8;30;19;6;1;0;17;2;1;0
491560;975540;57741;Freddy Oncoy;23;Perú;Mediocentro;FBC Melgar;1096;26;9;3;11;5;4;2;0;4;0;0;4;0;0;0;1;24;6;12;8;1;14;7;23;35;577;458;111;21;1;160;6;1;0
738469;1020855;57741;Leonardo Rugel;23;Perú;Defensa central;Cienciano;787;13;8;0;9;0;8;1;0;0;0;2;1;0;0;0;1;4;6;44;3;2;7;3;21;7;405;326;24;51;0;83;0;4;1
641820;933730;57741;Brandon Palacios;26;Perú;Extremo derecho;Sport Boys;1083;22;10;2;22;7;10;5;1;14;2;1;12;1;0;0;6;19;11;8;18;0;19;25;9;56;267;197;75;15;7;162;16;4;0
473579;876928;57741;Luis Garro;27;Perú;Lateral derecho;Sport Huancayo;1530;24;17;0;17;3;8;6;0;4;0;0;15;0;0;0;1;21;23;32;8;0;18;26;17;62;590;481;134;19;1;220;10;3;0
356381;873703;57741;Anthony Rosell;29;Perú;Lateral izquierdo;Atlético Grau;251;8;2;0;1;0;0;1;1;3;0;0;1;0;0;0;0;0;1;3;1;0;1;2;3;3;88;61;16;5;2;37;0;0;0
891814;1120472;57741;Flavio Alcedo;21;Perú;Defensa central;Sport. Cristal;1647;20;19;0;5;1;4;0;1;3;1;0;5;0;0;0;1;25;15;58;5;1;27;12;31;41;567;405;63;58;0;203;2;3;1
320749;385418;57741;Joaquín Aguirre;28;Perú;Lateral izquierdo;Sin equipo;723;9;8;0;0;0;0;0;0;7;0;0;1;1;0;0;0;16;4;21;8;0;2;1;6;18;276;211;37;24;5;92;3;2;0
447934;882837;57741;Roberto Villamarín;26;Perú;Lateral derecho;Sin equipo;1014;14;11;0;11;4;5;2;1;6;0;1;8;0;0;0;0;16;8;21;3;0;20;7;11;31;318;244;64;19;8;143;9;3;0
422934;876931;57741;Erinson Ramírez;26;Perú;Mediocentro ofensivo;AD Tarma;1035;15;12;1;26;6;14;6;0;16;1;0;7;0;0;0;0;9;3;7;2;0;1;6;10;22;279;205;77;23;10;141;6;0;0
639764;965761;57741;Piero Serra;26;Perú;Pivote;Sin equipo;1406;19;17;0;12;1;5;6;0;5;0;0;2;1;0;0;0;33;21;45;9;0;23;8;12;43;618;475;69;72;0;181;5;4;1
103817;311524;57741;Iván Santillán;33;Perú;Lateral izquierdo;Comerciantes FC;103;2;2;0;0;0;0;0;0;0;0;0;0;0;0;0;0;0;1;3;6;0;3;0;0;0;25;18;3;2;1;11;0;1;0
738777;1015696;57741;Tiago Cantoro;23;Perú;Delantero centro;UTC;314;20;1;1;15;6;5;4;0;4;1;2;0;0;1;1;1;4;1;0;0;0;9;9;1;13;72;57;11;1;2;45;6;1;1
566698;1085447;58264;Emiliano Villar;24;Uruguay;Delantero centro;FAS;567;11;5;1;5;3;0;2;2;6;0;0;13;0;0;0;2;0;0;1;8;0;4;9;5;0;99;63;8;6;0;0;0;1;0
662695;984882;48078;Arón Sánchez;21;Perú;Defensa central;Tampico Madero;1873;21;21;2;9;6;2;1;2;4;1;0;2;0;0;0;2;28;23;74;12;1;18;16;38;45;731;519;37;64;3;251;4;5;0
686758;989460;58264;Gustavo Machado;23;Uruguay;Interior derecho;Rampla Jrs;1017;22;9;0;16;6;0;1;1;4;0;0;31;0;0;0;2;0;0;5;14;0;18;17;13;0;254;164;16;17;8;0;0;1;0
672132;1121321;57297;Cristhian Tizón;28;Uruguay;Extremo izquierdo;Danubio FC;246;5;3;0;5;2;1;2;0;3;1;0;1;0;0;0;2;4;4;4;2;0;6;3;3;8;71;41;13;2;1;60;4;1;0
672132;1121321;58264;Cristhian Tizón;28;Uruguay;Extremo izquierdo;Danubio FC;1628;27;17;5;39;10;0;0;1;20;0;0;13;0;0;0;9;0;0;7;15;0;17;19;13;0;408;276;20;22;22;0;0;4;0
480527;973681;57741;Rely Fernández;26;Perú;Extremo derecho;Cusco FC;425;21;2;1;5;1;2;2;0;3;0;0;2;0;0;0;2;12;2;1;4;0;17;6;2;20;134;110;34;2;4;75;7;4;0
489993;875661;57741;Jorge Toledo;28;Perú;Lateral derecho;Comerciantes;2201;30;23;0;8;1;2;5;1;16;2;0;21;0;0;0;0;51;18;63;14;0;28;12;18;83;835;637;96;78;14;335;13;9;0
822523;1083668;57741;Fabrizio Roca;22;Perú;Delantero centro;Sport Boys;674;23;6;4;16;8;6;2;0;5;0;0;5;0;3;3;3;6;0;6;4;0;7;3;21;14;142;104;38;3;4;67;4;1;0
264671;885539;58043;Joffré Escobar;27;Ecuador;Delantero centro;CD Macará;859;26;7;0;32;8;14;10;1;19;0;1;5;0;0;0;15;6;1;2;3;0;12;22;12;33;198;155;63;6;3;83;11;0;0
515413;874981;57741;Jesús Mendieta;26;Perú;Lateral izquierdo;Alianza Atl.;977;22;10;1;21;7;8;6;2;16;3;0;5;0;0;0;0;12;16;20;8;0;17;8;8;25;235;142;63;21;13;161;7;1;0
789198;1017747;48078;Benjamín Ampuero;23;Perú;Defensa central;César Vallejo;506;9;6;0;2;1;0;1;0;3;0;0;0;0;0;0;0;3;7;16;3;0;9;3;8;6;175;137;15;19;0;42;0;1;1
894212;1131133;57741;Otavio Gut;28;Brasil;Defensa central;Sport Huancayo;1459;19;16;0;11;4;3;4;1;9;3;0;6;0;0;0;1;11;15;41;4;0;20;16;31;33;610;502;72;35;0;129;4;5;0
330691;339481;57741;Aldair Perleche;29;Perú;Lateral derecho;Alianza Atl.;1078;25;11;1;4;1;2;1;0;6;0;0;2;0;0;0;1;19;10;26;9;0;16;10;14;31;292;180;58;20;8;193;2;3;2
399496;846742;57741;Marcos Lliuya;32;Perú;Mediocentro ofensivo;Sport Huancayo;2906;34;33;3;63;26;23;14;6;90;6;1;40;0;0;0;0;18;8;3;13;0;12;43;4;101;2093;1790;729;215;30;516;40;1;0
345346;883772;57741;Ray Gómez;30;Perú;Mediocentro ofensivo;Sport Huancayo;1077;19;13;1;31;10;14;7;1;15;1;2;5;0;1;0;2;15;5;3;7;0;12;28;7;48;461;396;136;44;7;132;10;2;0
132353;787610;57741;Yorleys Mena;32;Colombia;Delantero centro;César Vallejo;2934;34;33;10;82;33;31;18;6;23;6;12;15;0;2;2;27;28;8;26;13;0;38;27;44;70;495;344;131;5;4;330;53;5;0
664864;882897;57741;Alonso Tamariz;26;Perú;Lateral izquierdo;Cusco FC;433;10;5;0;2;0;2;0;0;2;0;1;1;0;0;0;0;9;8;10;5;0;9;9;4;19;126;101;16;4;0;52;1;1;0
458756;873619;58264;Maximiliano Pérez;29;Uruguay;Delantero centro;CA Cerro;887;14;12;2;8;3;0;2;0;6;0;0;2;0;0;0;3;0;0;5;1;0;10;9;54;0;160;126;10;6;0;0;0;1;0
664841;1089808;57741;Kenyi Barrios;28;Perú;Extremo derecho;Comerciantes;1127;24;13;0;8;2;4;2;2;11;4;1;3;0;0;0;0;19;15;22;6;0;16;10;5;32;330;264;42;29;10;164;8;4;0
531177;925420;57741;Jean Franco Falconí;28;Perú;Lateral derecho;AD Tarma;1033;15;14;0;9;4;3;2;1;11;0;0;2;0;0;0;0;8;10;15;5;1;6;6;4;16;342;271;84;37;11;127;6;0;0
1066144;1464276;63769;Marcelo Ferreira;30;Paraguay;Delantero centro;Luqueño;1469;21;17;6;29;14;13;2;1;16;1;2;8;1;2;1;7;8;6;8;6;0;18;16;65;32;299;189;77;9;3;177;13;3;0
1066144;1464276;57297;Marcelo Ferreira;30;Paraguay;Delantero centro;Luqueño;248;6;2;2;7;2;5;0;0;3;0;0;2;0;0;0;2;1;0;7;1;0;6;2;13;5;61;44;21;2;0;36;3;0;0
1066144;1464276;57264;Marcelo Ferreira;30;Paraguay;Delantero centro;Luqueño;892;18;8;1;0;0;0;0;4;0;0;0;0;0;1;1;0;0;0;0;0;0;0;0;0;0;0;0;0;0;0;0;0;3;0
638929;957940;57741;Manuel Ganoza;25;Perú;Defensa central;César Vallejo;604;10;5;0;2;1;1;0;0;2;0;0;3;0;0;0;0;3;6;21;5;0;11;0;11;6;210;152;23;20;2;74;1;1;0
621033;975243;57741;Franco Medina;24;Perú;Lateral derecho;Comerciantes;362;7;5;0;0;0;0;0;0;0;0;0;2;0;0;0;0;9;4;5;0;0;11;3;3;14;134;102;15;7;2;56;0;1;0
621028;980889;57741;Dylan Caro;25;Perú;Lateral izquierdo;Comerciantes;2016;30;22;1;18;5;8;5;1;16;2;0;6;0;0;0;1;50;32;48;6;0;27;40;21;96;612;476;76;41;18;255;14;5;0
621036;973653;57741;Jonathan Bilbao;24;Perú;Defensa central;Cusco FC;2404;31;27;0;8;1;7;0;0;4;1;0;1;0;0;0;0;29;35;112;11;2;33;11;56;41;1352;1198;37;115;0;186;6;3;0
325706;883389;57741;Diego Ramírez;29;Perú;Mediocentro;Dep. Garcilaso;1235;23;16;0;13;0;9;4;1;8;0;1;5;0;0;0;1;18;17;13;12;1;21;23;7;45;333;262;83;32;2;101;11;3;2
127825;123022;57264;Derlis Orué;35;Paraguay;Pivote;Sol de América;1854;21;21;0;0;0;0;0;0;0;0;0;0;0;0;0;0;0;0;0;0;0;0;0;0;0;0;0;0;0;0;0;0;5;0
127825;123022;63769;Derlis Orué;35;Paraguay;Pivote;Sol de América;1825;21;21;1;16;1;11;4;2;17;0;0;14;0;0;0;1;32;9;17;12;0;17;5;15;51;640;458;126;55;1;213;7;5;0
752551;1103492;57782;Gustavo Navarro;27;Paraguay;Defensa central;Atl. Rafaela;920;11;10;0;2;1;0;3;0;0;0;0;1;0;0;0;0;0;0;44;25;0;9;8;26;0;193;116;31;35;0;0;0;4;0
250482;805353;57741;Joao Villamarín;32;Perú;Extremo izquierdo;Sport Boys;798;18;11;1;22;5;14;3;2;10;2;2;2;0;0;0;8;7;0;4;4;0;12;12;6;21;138;98;37;6;1;76;8;0;0
358338;925309;57741;Carlos Correa;29;Perú;Mediocentro;Sport Boys;881;18;10;0;7;2;4;1;2;9;1;1;3;0;0;0;0;36;6;9;10;0;23;19;1;58;300;213;39;19;0;105;2;6;0
249977;883294;57741;Carlos Uribe;32;Perú;Pivote;Sin equipo;1023;21;10;1;12;3;5;4;0;5;1;1;2;0;0;0;0;12;2;8;6;0;8;10;6;24;462;395;65;20;2;89;2;2;0
262932;888723;57388;Brayan Lucumí;30;Colombia;Extremo izquierdo;Real Cartagena;1327;20;16;3;0;0;0;0;0;0;0;0;0;0;0;0;0;0;0;0;0;0;0;0;0;0;0;0;0;0;0;0;0;2;0
352344;876926;57741;Francisco Duclós;28;Perú;Defensa central;Alianza Atl.;692;11;7;0;1;0;1;0;0;2;0;0;1;0;0;0;2;12;16;12;3;0;11;5;4;18;212;150;45;19;1;89;1;2;0
171151;805289;57374;Léiner Escalante;32;Colombia;Extremo izquierdo;CD La Equidad;375;12;4;2;13;5;4;4;0;2;0;1;2;0;0;0;0;4;2;2;2;0;4;11;4;17;87;68;26;7;2;51;7;1;0
171151;805289;63819;Léiner Escalante;32;Colombia;Extremo izquierdo;CD La Equidad;461;9;4;2;9;3;4;2;1;6;0;0;2;0;0;0;4;4;1;1;2;0;8;18;3;24;95;65;13;6;4;50;1;2;1
312151;826380;57741;Ray Sandoval;29;Perú;Extremo derecho;Atlético Grau;807;13;9;1;21;6;10;5;0;5;0;1;1;0;1;1;6;1;0;2;1;0;9;17;1;19;187;151;78;6;3;93;12;0;0
106283;220935;57741;Edson Aubert;35;Perú;Pivote;AD Tarma;1468;21;18;0;36;7;17;12;1;24;5;1;9;0;1;0;0;16;10;19;10;0;23;8;0;33;758;605;173;86;5;228;13;2;1
687933;906816;57782;Nahuel Tecilla;29;Argentina;Defensa central;Alvarado;659;10;6;0;2;0;0;6;0;1;0;0;4;0;0;0;0;0;0;26;15;0;9;8;29;0;256;191;44;46;0;0;0;1;0
434192;883768;57741;David Dioses;28;Perú;Pivote;Sport Huancayo;1191;18;16;0;11;4;6;1;1;11;1;1;2;0;0;0;0;17;10;11;10;0;18;7;10;25;591;499;91;59;2;129;7;1;0
446662;883813;57741;Eduardo Caballero;27;Perú;Defensa central;CA Mannucci;1428;18;16;0;6;1;5;0;0;3;0;0;2;0;0;0;0;20;10;89;7;1;16;9;48;30;498;364;29;61;0;147;0;3;0
696726;1018388;57782;Emanuel Ibáñez;30;Argentina;Pivote;Temperley;2162;31;25;1;11;2;0;2;1;8;0;0;29;0;0;0;2;0;0;28;60;0;44;44;51;0;819;659;108;40;7;0;0;10;0
738291;992004;57741;Kevin Peña;26;Perú;Mediocentro;Sport Boys;485;14;5;0;5;1;4;0;0;5;0;1;1;0;0;0;1;9;6;3;6;0;14;14;0;24;214;176;35;21;1;55;3;4;0
400254;846749;57741;Alexander Lecaros;24;Perú;Extremo izquierdo;Cienciano;299;9;3;0;9;3;5;1;0;3;0;1;2;1;0;0;0;3;0;0;2;0;2;6;0;11;67;52;20;6;0;43;2;1;0
857788;1108679;57741;Bruno Portugal;21;Perú;Delantero centro;FBC Melgar;84;3;1;1;2;1;1;0;0;0;0;1;1;0;0;0;0;0;0;3;0;0;4;2;0;3;18;8;3;1;0;13;3;0;0
903834;1128886;57741;Gilmar Paredes;21;Perú;Lateral derecho;Sport. Cristal;203;4;2;0;1;0;1;0;0;1;0;0;5;0;0;0;0;3;6;4;3;0;1;2;0;10;91;77;16;4;1;33;1;1;0
981804;1408186;57741;Gabriel Alfaro;21;Perú;Lateral izquierdo;Sport. Cristal;598;9;7;0;2;0;2;0;0;2;0;0;6;0;0;0;1;10;7;10;2;0;6;1;3;17;157;124;15;10;2;66;3;0;0
639763;965759;53417;Rodrigo Vilca;25;Perú;Mediocentro ofensivo;Sin equipo;594;16;6;2;8;5;2;1;0;9;0;0;8;0;0;0;0;19;4;5;4;0;13;30;1;57;185;148;58;6;3;92;10;1;0
260094;873704;57741;Ángel Pérez;34;Perú;Lateral derecho;Sport Huancayo;1524;24;17;1;24;6;16;2;1;12;2;0;9;0;0;0;0;43;15;49;11;0;24;17;13;68;687;522;146;57;8;264;13;6;1
867036;1107871;57741;Christian Flores;23;Perú;Pivote;Alianza Atl.;318;16;1;0;4;2;0;2;0;3;0;1;3;0;0;0;0;9;5;7;5;0;4;6;1;18;121;104;30;7;1;31;4;1;0
764367;1017778;48078;Williams Guzmán;23;Perú;Defensa central;Real Independ.;1867;25;20;0;16;1;13;2;0;4;0;4;14;0;0;0;2;42;26;77;7;0;30;14;26;70;840;628;61;56;4;249;9;8;2
653688;973636;48078;Paolo Méndez;25;Perú;Lateral izquierdo;Llacuabamba;764;19;7;0;4;0;3;1;0;17;2;0;3;0;0;0;3;25;12;20;6;0;11;11;10;38;307;257;71;19;9;106;3;1;0
664362;931772;48078;Francesco Cavagna;23;Perú;Defensa central;Dep. Municipal;1176;18;14;0;2;0;1;1;0;3;0;0;3;0;0;0;2;19;15;50;2;1;7;7;15;29;363;259;29;30;3;154;6;3;0
842604;1095031;48078;Santiago Torres González;24;Perú;Lateral derecho;Alvarado;924;23;9;0;12;2;7;3;2;15;3;0;3;0;0;0;0;14;7;25;8;0;5;2;0;19;275;181;53;25;18;228;6;1;1
842604;1095031;57782;Santiago Torres González;24;Perú;Lateral derecho;Alvarado;361;9;4;0;7;1;0;0;0;3;0;0;6;0;0;0;2;0;0;4;3;0;6;5;0;0;62;36;5;3;1;0;0;0;0
